{"cameraMode":{"drawMode":0,"name":"Shaded","section":"Shading Mode"},"sceneLighting":false,"audioPlay":false,"sceneViewState":{"showFog":true,"showMaterialUpdate":true,"showSkybox":false,"showFlares":true,"showImageEffects":true,"showParticleSystems":true},"in2DMode":false,"pivot":{"x":-0.999736487865448,"y":11.882097244262696,"z":-38.19074630737305},"rotation":{"x":0.12879598140716554,"y":0.5225710272789002,"z":-0.08036556094884873,"w":0.8390202522277832},"size":2.0102837085723879,"orthographic":true}