{"cameraMode":{"drawMode":0,"name":"Shaded","section":"Shading Mode"},"sceneLighting":false,"audioPlay":false,"sceneViewState":{"showFog":true,"showMaterialUpdate":true,"showSkybox":false,"showFlares":true,"showImageEffects":true,"showParticleSystems":true},"in2DMode":false,"pivot":{"x":-1.5722637176513672,"y":12.977304458618164,"z":-38.16626739501953},"rotation":{"x":-0.11582972854375839,"y":0.689229428768158,"z":-0.11354883015155792,"w":-0.7063787579536438},"size":4.407974720001221,"orthographic":true}