{"cameraMode":{"drawMode":0,"name":"Shaded","section":"Shading Mode"},"sceneLighting":false,"audioPlay":false,"sceneViewState":{"showFog":true,"showMaterialUpdate":true,"showSkybox":false,"showFlares":true,"showImageEffects":true,"showParticleSystems":true},"in2DMode":false,"pivot":{"x":-0.999736487865448,"y":11.882097244262696,"z":-38.19074630737305},"rotation":{"x":0.023962099105119706,"y":0.9751381874084473,"z":-0.175336092710495,"w":0.13369014859199525},"size":2.0102837085723879,"orthographic":true}