{"cameraMode":{"drawMode":0,"name":"Shaded","section":"Shading Mode"},"sceneLighting":true,"audioPlay":false,"sceneViewState":{"showFog":false,"showMaterialUpdate":false,"showSkybox":false,"showFlares":false,"showImageEffects":false,"showParticleSystems":false},"in2DMode":false,"pivot":{"x":-0.7300000190734863,"y":14.960000038146973,"z":-47.900001525878909},"rotation":{"x":-0.22496703267097474,"y":0.7471389174461365,"z":-0.30768531560897829,"w":-0.5451860427856445},"size":27.41600227355957,"orthographic":true}