{"cameraMode":{"drawMode":0,"name":"Shaded","section":"Shading Mode"},"sceneLighting":false,"audioPlay":false,"sceneViewState":{"showFog":false,"showMaterialUpdate":false,"showSkybox":false,"showFlares":false,"showImageEffects":false,"showParticleSystems":false},"in2DMode":false,"pivot":{"x":-1.066511631011963,"y":11.25826358795166,"z":-39.676979064941409},"rotation":{"x":-0.11882641166448593,"y":-0.8224842548370361,"z":0.1969047486782074,"w":-0.5211770534515381},"size":2.347503900527954,"orthographic":false}