{"cameraMode":{"drawMode":0,"name":"Shaded","section":"Shading Mode"},"sceneLighting":false,"audioPlay":false,"sceneViewState":{"showFog":true,"showMaterialUpdate":true,"showSkybox":false,"showFlares":true,"showImageEffects":true,"showParticleSystems":true},"in2DMode":false,"pivot":{"x":-0.9822473526000977,"y":13.937238693237305,"z":-36.82564163208008},"rotation":{"x":-0.11582972854375839,"y":0.689229428768158,"z":-0.11354883015155792,"w":-0.7063787579536438},"size":3.0466949939727785,"orthographic":true}