{"cameraMode":{"drawMode":0,"name":"Shaded","section":"Shading Mode"},"sceneLighting":false,"audioPlay":false,"sceneViewState":{"showFog":false,"showMaterialUpdate":false,"showSkybox":false,"showFlares":false,"showImageEffects":false,"showParticleSystems":false},"in2DMode":false,"pivot":{"x":-1.2925615310668946,"y":11.15123176574707,"z":-39.237552642822269},"rotation":{"x":-0.04216136038303375,"y":-0.7160563468933106,"z":0.05018866807222366,"w":-0.6956747770309448},"size":2.347503900527954,"orthographic":false}