{"cameraMode":{"drawMode":0,"name":"Shaded","section":"Shading Mode"},"sceneLighting":false,"audioPlay":false,"sceneViewState":{"showFog":false,"showMaterialUpdate":false,"showSkybox":false,"showFlares":false,"showImageEffects":false,"showParticleSystems":false},"in2DMode":false,"pivot":{"x":-0.502000093460083,"y":11.628000259399414,"z":-32.709999084472659},"rotation":{"x":-0.1507047861814499,"y":0.07721982896327973,"z":0.011556402780115605,"w":-0.9860720038414002},"size":58.08738708496094,"orthographic":true}