{"cameraMode":{"drawMode":0,"name":"Shaded","section":"Shading Mode"},"sceneLighting":false,"audioPlay":false,"sceneViewState":{"showFog":true,"showMaterialUpdate":true,"showSkybox":false,"showFlares":true,"showImageEffects":true,"showParticleSystems":true},"in2DMode":false,"pivot":{"x":-2.4265153408050539,"y":11.570762634277344,"z":-37.49753952026367},"rotation":{"x":0.03537292405962944,"y":0.964111328125,"z":-0.17037875950336457,"w":0.20071397721767426},"size":1.2118606567382813,"orthographic":true}