{"cameraMode":{"drawMode":0,"name":"Shaded","section":"Shading Mode"},"sceneLighting":false,"audioPlay":false,"sceneViewState":{"showFog":true,"showMaterialUpdate":true,"showSkybox":false,"showFlares":true,"showImageEffects":true,"showParticleSystems":true},"in2DMode":false,"pivot":{"x":-2.228269577026367,"y":11.895304679870606,"z":-39.49367141723633},"rotation":{"x":-0.0003681940142996609,"y":0.9994246959686279,"z":-0.026429565623402597,"w":0.03213217481970787},"size":3.7077224254608156,"orthographic":true}