{"cameraMode":{"drawMode":0,"name":"Shaded","section":"Shading Mode"},"sceneLighting":false,"audioPlay":false,"sceneViewState":{"showFog":true,"showMaterialUpdate":true,"showSkybox":false,"showFlares":true,"showImageEffects":true,"showParticleSystems":true},"in2DMode":false,"pivot":{"x":-0.9822473526000977,"y":13.937238693237305,"z":-36.82564163208008},"rotation":{"x":-0.05872706323862076,"y":0.7383139133453369,"z":-0.0652654841542244,"w":-0.66895592212677},"size":1.6543186902999879,"orthographic":true}