{"cameraMode":{"drawMode":0,"name":"Shaded","section":"Shading Mode"},"sceneLighting":true,"audioPlay":false,"sceneViewState":{"showFog":false,"showMaterialUpdate":false,"showSkybox":false,"showFlares":false,"showImageEffects":false,"showParticleSystems":false},"in2DMode":false,"pivot":{"x":-5.541208267211914,"y":19.019935607910158,"z":-40.15630340576172},"rotation":{"x":0.3782620131969452,"y":-0.45229601860046389,"z":0.22015875577926637,"w":0.7770988941192627},"size":63.019508361816409,"orthographic":false}