{"cameraMode":{"drawMode":0,"name":"Shaded","section":"Shading Mode"},"sceneLighting":true,"audioPlay":false,"sceneViewState":{"showFog":true,"showMaterialUpdate":true,"showSkybox":true,"showFlares":true,"showImageEffects":true,"showParticleSystems":true},"in2DMode":false,"pivot":{"x":-1.67822265625,"y":11.58917236328125,"z":-38.83740234375},"rotation":{"x":-0.15510259568691255,"y":0.3194235861301422,"z":-0.05232042446732521,"w":-0.9335688948631287},"size":2.7077715396881105,"orthographic":true}