{"cameraMode":{"drawMode":0,"name":"Shaded","section":"Shading Mode"},"sceneLighting":false,"audioPlay":false,"sceneViewState":{"showFog":false,"showMaterialUpdate":false,"showSkybox":false,"showFlares":false,"showImageEffects":false,"showParticleSystems":false},"in2DMode":false,"pivot":{"x":1.0688402652740479,"y":12.96646499633789,"z":-38.10543441772461},"rotation":{"x":0.07711195945739746,"y":0.6600896120071411,"z":-0.08140520751476288,"w":0.7435822486877441},"size":3.379901170730591,"orthographic":false}