{"cameraMode":{"drawMode":0,"name":"Shaded","section":"Shading Mode"},"sceneLighting":false,"audioPlay":false,"sceneViewState":{"showFog":false,"showMaterialUpdate":false,"showSkybox":false,"showFlares":false,"showImageEffects":false,"showParticleSystems":false},"in2DMode":false,"pivot":{"x":1.0631885528564454,"y":5.899120330810547,"z":-1.5232603549957276},"rotation":{"x":0.17930465936660767,"y":-0.4437255561351776,"z":0.091101735830307,"w":0.8733124136924744},"size":5.232163429260254,"orthographic":false}