{"cameraMode":{"drawMode":0,"name":"Shaded","section":"Shading Mode"},"sceneLighting":false,"audioPlay":false,"sceneViewState":{"showFog":true,"showMaterialUpdate":true,"showSkybox":false,"showFlares":true,"showImageEffects":true,"showParticleSystems":true},"in2DMode":false,"pivot":{"x":351.5076904296875,"y":226.22897338867188,"z":-4.381410598754883},"rotation":{"x":0.03237306326627731,"y":0.03203082084655762,"z":-0.0011050892062485219,"w":0.9990025162696838},"size":478.9731140136719,"orthographic":true}