{"cameraMode":{"drawMode":0,"name":"Shaded","section":"Shading Mode"},"sceneLighting":false,"audioPlay":false,"sceneViewState":{"showFog":true,"showMaterialUpdate":true,"showSkybox":false,"showFlares":true,"showImageEffects":true,"showParticleSystems":true},"in2DMode":false,"pivot":{"x":23.19002342224121,"y":-128.9518280029297,"z":4.707465648651123},"rotation":{"x":-0.05457828938961029,"y":-0.003936645109206438,"z":-0.0002812921302393079,"w":0.9985405802726746},"size":22.0,"orthographic":true}