{"cameraMode":{"drawMode":0,"name":"Shaded","section":"Shading Mode"},"sceneLighting":false,"audioPlay":false,"sceneViewState":{"showFog":false,"showMaterialUpdate":false,"showSkybox":false,"showFlares":false,"showImageEffects":false,"showParticleSystems":false},"in2DMode":false,"pivot":{"x":-0.0183585062623024,"y":0.011582046747207642,"z":-0.41164320707321169},"rotation":{"x":0.16204853355884553,"y":-0.5288372039794922,"z":0.10355124622583389,"w":0.826737105846405},"size":2.500077486038208,"orthographic":true}