{"cameraMode":{"drawMode":0,"name":"Shaded","section":"Shading Mode"},"sceneLighting":false,"audioPlay":false,"sceneViewState":{"showFog":false,"showMaterialUpdate":false,"showSkybox":false,"showFlares":false,"showImageEffects":false,"showParticleSystems":false},"in2DMode":false,"pivot":{"x":1.5810017585754395,"y":14.315010070800782,"z":-37.363094329833987},"rotation":{"x":0.11198028922080994,"y":0.5637946724891663,"z":-0.08941681683063507,"w":0.8141309022903442},"size":7.176759243011475,"orthographic":false}