{"cameraMode":{"drawMode":0,"name":"Shaded","section":"Shading Mode"},"sceneLighting":false,"audioPlay":false,"sceneViewState":{"showFog":false,"showMaterialUpdate":false,"showSkybox":false,"showFlares":false,"showImageEffects":false,"showParticleSystems":false},"in2DMode":false,"pivot":{"x":0.0002499818801879883,"y":0.0002499818801879883,"z":0.0002499818801879883},"rotation":{"x":0.3486921787261963,"y":-0.21074752509593965,"z":0.06858755648136139,"w":0.9111514687538147},"size":4.884409427642822,"orthographic":true}