{"cameraMode":{"drawMode":0,"name":"Shaded","section":"Shading Mode"},"sceneLighting":false,"audioPlay":false,"sceneViewState":{"showFog":false,"showMaterialUpdate":false,"showSkybox":false,"showFlares":false,"showImageEffects":false,"showParticleSystems":false},"in2DMode":false,"pivot":{"x":-1.287356972694397,"y":11.685737609863282,"z":-39.31989669799805},"rotation":{"x":0.321322500705719,"y":-0.36966198682785036,"z":0.13279344141483308,"w":0.8622402548789978},"size":1.723663568496704,"orthographic":true}