{"cameraMode":{"drawMode":0,"name":"Shaded","section":"Shading Mode"},"sceneLighting":false,"audioPlay":false,"sceneViewState":{"showFog":false,"showMaterialUpdate":false,"showSkybox":false,"showFlares":false,"showImageEffects":false,"showParticleSystems":false},"in2DMode":false,"pivot":{"x":-2.9860000610351564,"y":11.631612777709961,"z":-38.68000030517578},"rotation":{"x":0.07119962573051453,"y":0.746393084526062,"z":-0.09012032300233841,"w":0.656326413154602},"size":11.026124000549317,"orthographic":true}