{"cameraMode":{"drawMode":0,"name":"Shaded","section":"Shading Mode"},"sceneLighting":false,"audioPlay":false,"sceneViewState":{"showFog":false,"showMaterialUpdate":false,"showSkybox":false,"showFlares":false,"showImageEffects":false,"showParticleSystems":false},"in2DMode":false,"pivot":{"x":-1.1000003814697266,"y":14.60000228881836,"z":-133.5610809326172},"rotation":{"x":-0.23621848225593568,"y":0.2220531851053238,"z":-0.03359086811542511,"w":-0.9459744691848755},"size":36.69913864135742,"orthographic":true}