{"cameraMode":{"drawMode":0,"name":"Shaded","section":"Shading Mode"},"sceneLighting":false,"audioPlay":false,"sceneViewState":{"showFog":true,"showMaterialUpdate":true,"showSkybox":false,"showFlares":true,"showImageEffects":true,"showParticleSystems":true},"in2DMode":false,"pivot":{"x":569.6580810546875,"y":332.0246276855469,"z":-38.749046325683597},"rotation":{"x":0.012334796600043774,"y":0.3917934000492096,"z":0.007032142486423254,"w":-0.920230507850647},"size":1.5500677824020386,"orthographic":true}