{"cameraMode":{"drawMode":0,"name":"Shaded","section":"Shading Mode"},"sceneLighting":false,"audioPlay":false,"sceneViewState":{"showFog":false,"showMaterialUpdate":false,"showSkybox":false,"showFlares":false,"showImageEffects":false,"showParticleSystems":false},"in2DMode":false,"pivot":{"x":-0.46218204498291018,"y":0.0726582407951355,"z":1.0178332328796387},"rotation":{"x":0.05068221688270569,"y":0.2600541412830353,"z":-0.013611196540296078,"w":0.9642266631126404},"size":3.4695372581481935,"orthographic":false}