{"cameraMode":{"drawMode":0,"name":"Shaded","section":"Shading Mode"},"sceneLighting":false,"audioPlay":false,"sceneViewState":{"showFog":true,"showMaterialUpdate":true,"showSkybox":false,"showFlares":true,"showImageEffects":true,"showParticleSystems":true},"in2DMode":false,"pivot":{"x":0.0,"y":-2.205174446105957,"z":1.364498496055603},"rotation":{"x":0.24125714600086213,"y":-0.49848493933677676,"z":0.14614056050777436,"w":0.819938063621521},"size":38.306434631347659,"orthographic":true}