{"cameraMode":{"drawMode":0,"name":"Shaded","section":"Shading Mode"},"sceneLighting":true,"audioPlay":false,"sceneViewState":{"showFog":true,"showMaterialUpdate":true,"showSkybox":true,"showFlares":true,"showImageEffects":true,"showParticleSystems":true},"in2DMode":false,"pivot":{"x":-12.164203643798829,"y":-4.524033546447754,"z":2.844477653503418},"rotation":{"x":0.08024600148200989,"y":0.8870460987091065,"z":-0.16858728229999543,"w":0.42227575182914736},"size":8.145035743713379,"orthographic":false}