{"cameraMode":{"drawMode":0,"name":"Shaded","section":"Shading Mode"},"sceneLighting":true,"audioPlay":false,"sceneViewState":{"showFog":true,"showMaterialUpdate":true,"showSkybox":true,"showFlares":true,"showImageEffects":true,"showParticleSystems":true},"in2DMode":false,"pivot":{"x":-0.7215576171875,"y":12.516845703125,"z":-38.94659423828125},"rotation":{"x":-0.07858826965093613,"y":-0.9069830179214478,"z":0.1940585821866989,"w":-0.36584514379501345},"size":6.260646820068359,"orthographic":true}