{"cameraMode":{"drawMode":0,"name":"Shaded","section":"Shading Mode"},"sceneLighting":false,"audioPlay":false,"sceneViewState":{"showFog":true,"showMaterialUpdate":true,"showSkybox":false,"showFlares":true,"showImageEffects":true,"showParticleSystems":true},"in2DMode":false,"pivot":{"x":-2.532809257507324,"y":11.606273651123047,"z":-38.492557525634769},"rotation":{"x":0.06983526051044464,"y":0.022381598129868509,"z":-0.0014561741845682264,"w":0.9974625110626221},"size":1.5980976819992066,"orthographic":true}