{"cameraMode":{"drawMode":0,"name":"Shaded","section":"Shading Mode"},"sceneLighting":true,"audioPlay":false,"sceneViewState":{"showFog":false,"showMaterialUpdate":false,"showSkybox":false,"showFlares":false,"showImageEffects":false,"showParticleSystems":false},"in2DMode":false,"pivot":{"x":19.13939666748047,"y":72.99481201171875,"z":119.2418212890625},"rotation":{"x":0.2725841999053955,"y":-0.7258292436599731,"z":0.41751256585121157,"w":0.4738810956478119},"size":75.13597869873047,"orthographic":false}