{"cameraMode":{"drawMode":0,"name":"Shaded","section":"Shading Mode"},"sceneLighting":false,"audioPlay":false,"sceneViewState":{"showFog":false,"showMaterialUpdate":false,"showSkybox":false,"showFlares":false,"showImageEffects":false,"showParticleSystems":false},"in2DMode":false,"pivot":{"x":-1.3999998569488526,"y":1.3099992275238038,"z":4.40000057220459},"rotation":{"x":0.18639805912971497,"y":0.4612511396408081,"z":-0.09973575174808502,"w":0.8617790937423706},"size":4.834360122680664,"orthographic":true}