{"cameraMode":{"drawMode":0,"name":"Shaded","section":"Shading Mode"},"sceneLighting":false,"audioPlay":false,"sceneViewState":{"showFog":true,"showMaterialUpdate":true,"showSkybox":false,"showFlares":true,"showImageEffects":true,"showParticleSystems":true},"in2DMode":false,"pivot":{"x":-1.5501902103424073,"y":11.565449714660645,"z":-38.04426574707031},"rotation":{"x":0.015979165211319925,"y":0.3903491795063019,"z":-0.0068754106760025028,"w":0.9205470085144043},"size":0.8969882726669312,"orthographic":true}