{"cameraMode":{"drawMode":0,"name":"Shaded","section":"Shading Mode"},"sceneLighting":false,"audioPlay":false,"sceneViewState":{"showFog":true,"showMaterialUpdate":true,"showSkybox":false,"showFlares":true,"showImageEffects":true,"showParticleSystems":true},"in2DMode":false,"pivot":{"x":-0.726296603679657,"y":11.267627716064454,"z":-38.220699310302737},"rotation":{"x":-0.11582972854375839,"y":0.689229428768158,"z":-0.11354883015155792,"w":-0.7063787579536438},"size":2.9513232707977297,"orthographic":true}