{"cameraMode":{"drawMode":0,"name":"Shaded","section":"Shading Mode"},"sceneLighting":false,"audioPlay":false,"sceneViewState":{"showFog":true,"showMaterialUpdate":true,"showSkybox":false,"showFlares":true,"showImageEffects":true,"showParticleSystems":true},"in2DMode":false,"pivot":{"x":-2.067316770553589,"y":11.679125785827637,"z":-38.46741485595703},"rotation":{"x":0.06983526051044464,"y":0.022381598129868509,"z":-0.0014561741845682264,"w":0.9974625110626221},"size":1.626548171043396,"orthographic":true}