{"cameraMode":{"drawMode":0,"name":"Shaded","section":"Shading Mode"},"sceneLighting":true,"audioPlay":false,"sceneViewState":{"showFog":true,"showMaterialUpdate":true,"showSkybox":true,"showFlares":true,"showImageEffects":true,"showParticleSystems":true},"in2DMode":false,"pivot":{"x":-1.76513671875,"y":11.30517578125,"z":-38.4171142578125},"rotation":{"x":0.006058468949049711,"y":-0.6638541221618652,"z":-0.005382504779845476,"w":-0.7478591799736023},"size":3.5526866912841799,"orthographic":true}