{"cameraMode":{"drawMode":0,"name":"Shaded","section":"Shading Mode"},"sceneLighting":false,"audioPlay":false,"sceneViewState":{"showFog":true,"showMaterialUpdate":true,"showSkybox":false,"showFlares":true,"showImageEffects":true,"showParticleSystems":true},"in2DMode":false,"pivot":{"x":-0.07616519927978516,"y":5.315647125244141,"z":-0.01862049102783203},"rotation":{"x":0.24125714600086213,"y":-0.49848493933677676,"z":0.14614056050777436,"w":0.819938063621521},"size":41.14875793457031,"orthographic":true}