{"cameraMode":{"drawMode":0,"name":"Shaded","section":"Shading Mode"},"sceneLighting":false,"audioPlay":false,"sceneViewState":{"showFog":false,"showMaterialUpdate":false,"showSkybox":false,"showFlares":false,"showImageEffects":false,"showParticleSystems":false},"in2DMode":false,"pivot":{"x":1.0888025760650635,"y":-0.2882115840911865,"z":-0.700768232345581},"rotation":{"x":0.2228076010942459,"y":0.5703026056289673,"z":-0.16430175304412843,"w":0.7733805775642395},"size":5.8823957443237309,"orthographic":false}