{"cameraMode":{"drawMode":0,"name":"Shaded","section":"Shading Mode"},"sceneLighting":true,"audioPlay":false,"sceneViewState":{"showFog":true,"showMaterialUpdate":true,"showSkybox":true,"showFlares":true,"showImageEffects":true,"showParticleSystems":true},"in2DMode":false,"pivot":{"x":-1.5416259765625,"y":13.4443359375,"z":-38.17333984375},"rotation":{"x":0.41952383518218996,"y":-0.07323896884918213,"z":0.033825457096099856,"w":0.9042130708694458},"size":4.098353862762451,"orthographic":true}