{"cameraMode":{"drawMode":0,"name":"Shaded","section":"Shading Mode"},"sceneLighting":false,"audioPlay":false,"sceneViewState":{"showFog":true,"showMaterialUpdate":true,"showSkybox":false,"showFlares":true,"showImageEffects":true,"showParticleSystems":true},"in2DMode":false,"pivot":{"x":322.525390625,"y":207.50408935546876,"z":-36.40625},"rotation":{"x":-0.02910180389881134,"y":0.005051927641034126,"z":0.0000376618372683879,"w":0.9996247887611389},"size":372.8132019042969,"orthographic":true}