{"cameraMode":{"drawMode":0,"name":"Shaded","section":"Shading Mode"},"sceneLighting":false,"audioPlay":false,"sceneViewState":{"showFog":false,"showMaterialUpdate":false,"showSkybox":false,"showFlares":false,"showImageEffects":false,"showParticleSystems":false},"in2DMode":false,"pivot":{"x":0.24317169189453126,"y":-0.2788228988647461,"z":0.6649571061134338},"rotation":{"x":0.10465780645608902,"y":0.7243877053260803,"z":-0.11281700432300568,"w":0.6719985604286194},"size":10.034136772155762,"orthographic":false}