{"cameraMode":{"drawMode":0,"name":"Shaded","section":"Shading Mode"},"sceneLighting":false,"audioPlay":false,"sceneViewState":{"showFog":true,"showMaterialUpdate":true,"showSkybox":false,"showFlares":true,"showImageEffects":true,"showParticleSystems":true},"in2DMode":false,"pivot":{"x":-2.732666015625,"y":11.111572265625,"z":-37.86016845703125},"rotation":{"x":0.2561744153499603,"y":0.5926941633224487,"z":-0.20668436586856843,"w":0.7351536154747009},"size":2.035797119140625,"orthographic":true}